building	sum	mean	max	min	median
Building_A_07_2024	8368.21	11.247594086021504	24.62	5.02	8.895
Building_A_08_2024	8407.87	11.30090053763441	24.45	5.0	9.105
Building_B_07_2024	8442.69	11.347701612903226	24.48	5.0	8.995000000000001
Building_B_08_2024	8466.39	11.379556451612903	24.67	5.03	9.114999999999998
Building_C_07_2024	8333.91	11.20149193548387	24.57	5.01	8.9
 
